what	why	evidence	result
Scope is a re-arrangement, not a build	~60 closed tickets already landed the islands, the Miller picker, the drag ghost and the map-as-background; rebuilding them would be the expensive mistake	3 explorer reports over src/, git log showing feat/islands-wizard, feat/fleet-picker, feat/setup-layout all merged into main	Scope set to re-arrange the existing console and add the missing domain capabilities
The five game states are real, and four already exist	planning/preparation/execution/closure are Minos values, and main.rs already projects them via users_project_stage	Crossnet/minos internal/models/game.go:167-171; tfg src/main.rs:3937	GameState enum adopted as the single driver of the side zone
"dynamic" is prose, not a wire value	The backend's own comment equates the concept's "dynamic" with the constant GameModeManeuver; a test lists "dynamic" as invalid	Crossnet/minos internal/models/game.go:34,57-58; internal/models/game_unit_test.go:109	Client binds labels to wire values maneuver/static/scenario and never sends "dynamic"
static refuses ordering, so an Orders island must hide in it	AllowsSteering is false for static only, and the order route 409s	Crossnet/minos internal/models/game.go:108-110; internal/services/game_order_service.go:453-473	Zone contents became a function of state AND mode, not state alone
The scenario composer has a real backend	There is a per-game book of ordered scenarios, each with ordered steps, plus a per-step assumed-clock window	Crossnet/minos pkg/migration/migrations/000061, 000063; internal/dto/game_scenario.go	Composer scoped to the book, not to a global catalog
A step has no title	The backend states the content IS the label, by decision	Crossnet/minos docs/next-iteration-plan.md:252-255	Composer renders content-only rows, no title field
Personnel cannot read the book	read is granted to judge side and Game Master only; the router calls the book what the exercised must not see	Crossnet/minos pkg/migration/migrations/000062:35-45; internal/routers/game.go:360-362	Composer is staff-only and hides itself from a Commando seat
/users/me carries everything the user island needs	email, name, photo_url and full app roles with ids and names all arrive; the current client parses only id and role ids	Crossnet/minos internal/dto/user.go:16-61; tfg src/backend/auth.rs:200-208	Blocker 5 resolved: avatar is photo_url with a default person glyph, and role names are readable
No positive "this role needs a fleet" flag exists	Searched for requires_unit/needs_assignment/is_commander: zero matches; the only role flag is is_judge_side, which is the inverse	Crossnet/minos internal/models/game.go:2836-2838; game_service.go:2756-2790	Player Picker derives assignment need from is_judge_side and the one-command rule, and says so on the face
The side zone must float over the map, not sit beside it	The operator's subject is the map; a dock that resizes it reflows what they are reading	Design decision, stated in DESIGN.md "Map stage"	egui Panel dropped for the side zone; Area on Order::Middle above the map
Overlay docking moves the visible map centre	CentralPanel keeps full-window size under a floating zone, so a centred unit would park under the chrome	Derived from chrome.rs:300 already being interactable on Order::Middle	Rule added: camera goals offset by half the zone width toward the open side
Register: tactical with heat, chosen over diegetic console	Glow is the one thing that survives a dim field panel in daylight, and the heat budget can be spent on attention rather than on chrome	User's decision, after both alternatives were argued	One accent, reserved; heat confined to rim and band
Every island's rim lit in cyan fails	Rendered with two islands up, the accent was on every surface and "cyan" stopped decoding as anything	proto/p5-epaint --heat 1, screenshot looked at	Rim is Cut Grey at rest, Radar Cyan only on the island that owns input
Vent slots rejected	40 slots at 3px on an 8px pitch is a dashed rule, and a dashed rule through the title reads as a rendering fault	proto/p5-epaint --heat 2, screenshot looked at	Vent pass deleted; not carried into DESIGN.md
Scanlines across the body rejected	Rules cut through the rows and the smallest text on the panel (the class line under each hull name) lost legibility first	proto/p5-epaint --heat 3, screenshot looked at	Scanline confined to the title band at 4px/17-255, confirmed legible in a re-render
Texture and hardware detail belong on the band, never a body	Both rejected passes failed the same way, so the lesson generalises rather than being two separate rulings	Derived from the two rejections above	Stated as a rule in DESIGN.md "Texture, confined"
Island open/close may animate again	The old ban existed because the close button was already the feedback; islands now arrive as a column and a 150ms settle is what makes the column read as a stack	Supersedes the previous DESIGN.md Motion rule	150-200ms cubic_out reinstated for islands and modals
Mode toggle moves out of the toolbar	Presentation vs Simulation is a startup decision, not an operating control; simulation should not announce itself	Owner's brief, item 1	Top zone carries status, count, clock, logout; mode toggle lives in a settings modal
Screenshot capture must verify itself	A fixed sleep raced cargo run and produced plausible PNGs of the wrong window twice; a stale window also silently invalidated a hardcoded crop	/tmp/opencode/shoot.sh, three FAILED probe runs before the compositor-geometry crop	Probe samples panel-body pixel, and the crop comes from hyprctl's reported window rect
Band texture overflowed its band	The texture's height was a literal 48px against a 30px title band, so 18px of rules landed on the body's first rows	proto/p5-epaint --island --zone render, looked at	BAND_TEXTURE_H is now tokens::TITLE_H, and the two cannot drift apart again
Band alpha was too strong	17/255 read as a venetian blind across the title rather than as a surface finish	Same render	Dropped to 9/255, which reads as texture
Trailing note collided with the close button	The band ends at right-CUT and the button sits at right-CLOSE_INSET, so a note placed at the band's own edge lands under the button	Same render	Note is right-aligned against the button's left edge, not the band's
Rim ownership resolved centrally rather than per island	If each island asked its own hovered, two overlapping islands would both light and the accent would mean nothing; ADR-0016's claim was unenforceable as written	chrome::owning_island, and a test sweeping ~78k points over the column asserting no point is claimed twice	island_owned takes ownership as a parameter; island() keeps the self-contained path so main.rs's six call sites still compile
Camera correction sampled the shift instead of the target pixel	visible_center passed the pixel shift to unproject_mercator, which takes a viewport-relative pixel, so the centre moved the wrong way by the map's own width	cargo test --lib a_left_covered_zone, which failed on the first run and caught it	Now samples w/2 + shift; two tests assert the old centre renders at w/2 - shift, which is the same statement as content moving toward the open side
Advance and close verbs re-homed into the zone	Deleting the phase bar and the setup wizard removed the only call sites of setup_advance_execution and close_game, which is a silent regression rather than a cleanup	cargo check warnings naming both methods as never used	"Enter execution" moved to the Readiness island, "End session" to the Exercise island, the checklist and "Enter preparation" to the foot of Players
Legacy free-floating islands suppressed while the zone holds the left edge	They park at x=8, directly under a left-docked zone, so two panels rendered on top of each other	Run and screenshot: the Login island was visible behind the New session island	zone_owns_left_edge gates Login, Log, Messages and Roster; they stay for Presentation, which has no zone
SimStage, sim_stage, sim_phase_bar and PHASE_BAR_TOP deleted	GameState plus the zone's trailing note carry what they carried, and keeping a second axis over the same fact is how the layout ended up spread across three surfaces	cargo check warnings went from 6 new to 0	wizard and phase bar removed; setup_step_lock survives as the per-island picker note
AuthenticatedUser carries the whole /users/me projection	Only id and app_role_ids were parsed, so the Operator island had to print APP ROLE 1 and a glyph; the backend returns name, email, photo_url and role names in the same response	Run and screenshot: superuser@tfg.domain shown, APP ROLE 1 replaced by Administrator	AppRole {id, name} replaces Vec<i64>; auth_app_role_ids deleted, auth_identity added, LoginDone carries one object instead of two slices
Capability asks by role id, display asks by role name	A role row may be renamed in the CMS without revoking its policies, so a name comparison would change what the UI allows when someone renames it	backend::tests::an_account_with_no_photo_or_display_name_still_labels_itself	MinosAuth::has_app_role(id) for capability, app_role_label() for the island tag
A role row with no id is dropped, not defaulted	It cannot answer a capability question, and an invented id would grant whatever it collided with	Same test, roles: [{"name": "Operator"}]	Skipped in parse_user; a row with a name but no id contributes nothing
parse_user extracted from me() so it is testable	My first version of the test re-implemented the parser inline and drifted from it, which is the failure a test that mirrors code cannot catch	cargo test --lib backend::tests, first run failed on label() returning empty	pure fn parse_user(&Value), three tests over the cases the contract allows
The top zone is an Area, not a Panel	A Panel takes space from the CentralPanel, which is what DESIGN.md forbids; the side zone made the same argument and the band had to be consistent with it	cargo check, then a run at 960 points wide	One row: link, headcount, next action, zoom, clock, settings, sign-out right
Mode toggle moved out of the toolbar into the settings modal	Presentation versus Simulation is a startup decision, not an operating control, and Simulation does not announce itself	Owner's brief item 1	Settings owns mode, layout preferences, text size and reduced motion
Grid, zone visibility and dock edge moved from the band into Settings	They are layout preferences that do not change mid-exercise, and carrying them in the band is what made the right-hand group collide with the left one at a narrow width	Screenshot at 960 points after the move: one clean row	Top zone carries only link, headcount, hint, zoom, clock, Settings, sign-out
LinkState is a type beside live_status	The message is a human sentence and the state is not; classifying the sentence at every read would put a substring match on every frame of a console whose rule is that state says its own colour	cargo check, enum with label() and ink()	Five variants, each with its own status ink, set at the five sites that already set the message
Participant carries joined_at	The top zone's headcount has to distinguish seated from in-the-room, and the server already returns joined_at; without it "how many are online" could only have been the roster length, which is a different number	cargo check, field added and parsed	Headcount reads "in room / seated", and Presentation shows no headcount rather than a zero that reads as failure
Reduced motion is now wired	DESIGN.md promised a single switch and nothing implemented it; the zone and the band both animate, so the promise was load-bearing	ui() writes style.animation_time from one motion_secs constant	motion_secs 0.2 normally, 0 under reduced motion
Modals are their own chrome primitive, not ad-hoc egui::Window	A modal has two obligations its callers all got wrong or would forget: a drag that starts in a form and ends outside it must not reach the map, and it must paint above the zones. Both belong in one place	chrome::modal, with the backdrop as a real Sense::click_and_drag widget painted before the panel	Order::Foreground (egui 0.36 has no Order::Top), full-viewport backdrop first, then the panel
A modal is clamped to the window, never reflowed	A modal that shrinks to fit a small screen reflows a form the operator is halfway through, and a form whose fields move under the cursor is worse than one with a scrollbar	chrome::tests::a_modal_never_leaves_the_window	rect_in clamps width and height to the viewport
The modal body rect is clamped to non-negative	The naive top-left/bottom-right subtraction yields a NEGATIVE height on a window shorter than the title row plus both pads, and scope_builder handed a negative rect lays content out somewhere other than inside the panel	chrome::tests::the_body_survives_a_tiny_window failed on the first run, twice: once because the fix used Rect::min_size which does not exist, once because from_min_max does not sort its corners	Both corners are now sorted explicitly with min/max per axis
Modals are square, not chamfered	The chamfer means "this whole surface moves" (ADR-0014) and a modal does not move; a chamfered modal would promise a drag that does not exist	chrome::modal	painted with CornerRadius::ZERO and a hairline, in the third zone
The composer authors a game's OWN book; it is not a picker over a catalog	A game has exactly one book and the book IS its ordered scenarios - no books table, no cross-game template - so a "choose a scenario from elsewhere" affordance would have no source to choose from	Minos internal/models/game_scenario.go; migrations 000061|000063|000064	Left column is this game's scenarios, right column is the open scenario's steps
The composer's modal is openable with an EMPTY book	The add-scenario field lives inside the modal, so a modal that required a selected scenario would have no reachable path to the only way to get one	ShipApp::open_composer / composer_visible	A separate visibility flag rather than `composer_scenario.is_some()`
A step is a draft until the server names it	The backend assigns ids and every write answers with the WHOLE scenario, so writing straight through would blank the form and lose the cursor mid-sentence	forced by add_scenario_step's return type	ComposerDraft + add_scenario_step clears only on a valid draft
Half a window is refused in the client	The backend refuses a start without an end (or the reverse), but that refusal arrives after the author finished typing rather than while they are in the field	backend::master::hhmm_window_ok; main tests::half_a_window_is_refused_before_the_request	ComposerDraft::problem, checked before spawn_rest
A nested step takes its scenario_id from its PARENT	Reading it from the child meant a step was silently dropped for omitting a field it did not need, losing a row from the list with nothing on screen to explain it	main tests::a_step_takes_its_scenario_from_the_parent failed with 0 of 1 steps on the first run	parse_scenario_step(step, parent_id); only `id` is required of the child
A book write SPLICES its scenario into the local list	The write answers with ONE scenario; replacing the list with it would drop every other scenario the author was not currently looking at	Book::List vs Book::One in pump_rest_ops	One slot, two shapes; `One` merges by id
HHMM is validated exactly as strictly as the server parses it	The server's parser takes exactly four digits, hour<=23, minute<=59; a looser client check turns an immediate local correction into a 400 from the field	backend::master::hhmm_matches_the_servers_parser	hhmm_ok / hhmm_window_ok, one rule shared by draft and client
Holding another game clears the book	The book belongs to a game, so a stale book would show the previous session's scenarios and a write against them would be refused by a boundary invisible on screen	set_held_game	clear alongside users_game_state
The composer button is ABSENT outside planning, not greyed	Authoring is a planning-time act and the server refuses it after, so a control that would 403 is a lie about what this session can do	Minos scenario routes, planning-only	Rendered only when users_game_state == "planning"
A modal's backdrop gains a CLEAR variant	Two of the backdrop's jobs are independent: swallow input, and darken what is behind. A picker drag starts inside the panel and ends on the map, and the drag ghost is painted BY the map, so under a dim it is the dimmest thing on screen exactly when its legibility matters most	chrome::Backdrop; chrome::tests::a_clear_backdrop_drops_the_dim_and_nothing_else	Backdrop::Clear skips the fill; the Sense::click_and_drag allocation is unconditional
A release over the picker panel is not a drop	The map is full-bleed under the floating zones, so its rect CONTAINS the modal; "released over the map" alone would place a hull at whatever sea lies behind the form	main tests::a_release_over_the_picker_is_not_a_drop	The panel rect is published per frame from the same Modal::rect_in the primitive used, and excluded in drop_lands_on_map
The panel rect is published even on the frame the modal closes	The drop runs later in the same frame, on the release that closed the modal, and on that frame the panel is still where the pointer left it	ShipApp::fleet_picker_modal	fleet_panel_rect is cleared when the picker is closed, not when it closes
The drop-refusal rule is a free function	The rule is pure and the app is not; a rule only checkable by standing up a store, a core map and a token is a rule that does not get checked	main::drop_lands_on_map	Called with `self.fleet_panel_rect` at the one call site
The Fleet island shows the RESULT, the modal holds the register	The four Miller columns are a means, not a summary; in a 320-point zone column they would be the only thing on the island	ShipApp::setup_fleet_ui	Island shows a "Fleet picker (N assigned)" button and the pieces list
A refused drop says WHICH refusal	"release over the map" for a release that was over the form asks the operator to fix something that was not the problem	ShipApp map release arm	two distinct status strings, chosen by whether the point is in the panel
The Player Picker is ONE form, not three surfaces	Seating is one decision about a person — who, as what game role, and for some roles which fleet. Split across three surfaces a role ends up seated with no command, and nobody notices until the exercise starts	ShipApp::player_picker_modal, two columns	Directory left, roster editor right, one modal
The Players island's roster is READ ONLY	The editable roster is in the modal and both are on screen at once while it is open. egui keys a widget by Id, so two ComboBoxes salted ("roster-role", user_id) in one frame are ONE widget: one popup, opened from the wrong copy, with clicks landing in the other	main tests::the_editable_roster_is_only_in_the_modal	users_roster_ui split from roster_editor_ui; the island copy carries no ComboBox and no verbs
"May need a command" is derived from is_judge_side	There is no positive requires-a-fleet flag on a game role — the helpers mirror carries is_judge_side and nothing else — so the honest question is "is this the judge side" and the answer for the rest is a WARNING, not a block	main::role_may_need_command; Minos game_roles schema	Amber "no command yet" on the roster row, grey note under the seat-as combo
The "may need a command" note appears BEFORE the seat is taken	A commander with no fleet is otherwise discovered when the exercise starts, which is the worst possible moment	users_directory_ui seat-as row	One line under the combo; costs nothing and can be ignored
A release over a form says so, before the "no marker there" advice	The map's rect CONTAINS the panel, so the marker arm would answer "release over a unit marker" — advice about a place the operator was never aiming at	person-drop match arms	in the user-drag arm, the panel check is the FIRST arm
Panel rects are a Vec cleared once per frame	Two modals each own a drag-to-map. A single slot would mean whichever drew last silently disarmed the other, and a panel cannot remove its own rect on the frame it closes — which is exactly the frame where a release lands	main tests::every_open_panel_refuses	modal_panel_rects, cleared before any panel draws
The whole GameDetail is kept, not cherry-picked	parse_game_detail dropped six of the game's fields, so `description` was WRITE-ONLY: the form sent it and nothing read it back. The same defect bit parse_user, four of five fields. Keeping the response whole makes the next unparsed field a visible omission	ShipApp::held_detail; main tests::the_prose_fields_survive_the_read	Six prose/three-state/end fields parsed; 5 tests
A three-state field is read as an ABSENCE, empty prose as an empty string	`area`/`map_tag`/`overlay_text` are omitted when unset AND (for area) when withheld, so an empty string must not become a value; `description`/`purpose`/`target` are always sent, so absent means unwritten	main tests::a_three_state_field_is_absent_until_it_has_a_value	Two different reads for two different wire shapes, not one helper for both
An absent area is withheld only from a PARTICIPANT before execution	The two absences are the same shape on the wire, so the difference is who is asking. A Game Master is never withheld; reading the state alone would tell the person editing the plan that their own area is hidden	main tests::an_absent_area_is_withheld_only_from_a_participant_before_execution	GameDetail::area_is_withheld(is_game_master), taking BOTH facts
The plan is read-only on the island	The edit form is blank-means-unchanged with empty meaning CLEAR, so seeding its drafts from the detail would make every save clear the two nullable columns	ShipApp::held_plan_prose doc	The parser fix is what makes the field readable; seeding the drafts would break the write
Onboard::Mode is deleted, not deprecated	The card asked "Command Center or Tactical Floor Game?" before the map was up, which is the app naming its own function to the person about to use it. A launch reaches Simulation because that is what the console is for; Presentation stays reachable, not offered as a peer	the brief: Simulation must not announce itself	Onboard is Login | App; login goes straight to enter_shell(Simulation); onboard_mode and mode_card_text deleted
Settings offers a VIEW, not a peer mode	Two buttons named for modes puts them on equal footing as if they were things you choose between. Presentation is a way of watching a session; "Watch only" names what the toggle turns ON, and the line under it says which you are in	ShipApp::settings_modal	One toggle, plus a line stating the current view
The Execution column is four islands in dependency order	Execution is the state the console spends its life in, so the column is a working surface rather than a summary: what time it is (read most), what you can order (the verb), then who is here and what just happened underneath both	ShipApp::side_zone GameState::Execution	Exercise, Orders, Crew, Log — 200/420/240/260
Closure carries Assessment and Log, and deliberately NO Orders	Closure is read-only. An Orders island there would show controls the server refuses, which is a lie about the state	ShipApp::side_zone GameState::Closure	Assessment, Log
Crew counts IN THE ROOM, not seated	`joined_at` is the fact that matters and it is not the roster: a participant is SEATED when given a role and IN THE ROOM when they arrive with the room key. During execution the difference is a commander who can be reached and one assigned to nobody	ShipApp::zone_crew_body, crew_in_room	Two marks, plus a not-arrived amber
The Orders surface was EXTRACTED, not rewritten	184 lines of jurisdiction and authority checks. Re-deriving any of it while moving it is how a refactor becomes a rewrite	ShipApp::orders_body	The free-floating island now calls it; the column calls it
A surface is in the column or floating, never both	Two copies of the Orders panel is not two views of one thing — it is the operator editing one and looking at the other. Gated per SURFACE, not on "the zone is showing", because Execution carries Orders/Crew/Log while Planning carries none and Presentation has no column at all	ShipApp::zone_carries; main tests::a_surface_is_in_the_column_or_floating_never_both	orders and log check it; roster deliberately does NOT
The floating Roster is NOT suppressed	That island lists SHIPS in view; the column's Crew lists PEOPLE in the room. Different questions, both wanted, and the names differ for the same reason — "Roster" beside "Crew" is not two names for one thing	ShipApp roster island gate left ungated	A test that named it would assert a duplication that does not exist
The Orders trailing note resolves a group ID to a name	Selection::Group holds a group id, not a name. A trailing note reading "Orders · 4" tells the operator nothing about which four	ShipApp::selection_label	group_info, with "(gone)" when the group has been removed
Island bodies are CLIPPED to their rect	A `max_rect` tells the LAYOUT where to stop; it does not stop the PAINTER. The Operator island was 112pt against content needing more, and the overflow painted over the map and half-occluded under the next island's title band — reading in the screenshot as a label belonging to the island below	found by rendering the real app; every rect involved was correct, which is why the 4 zone-geometry tests passed and this shipped anyway	island_owned: ui.set_clip_rect(content.intersect(ui.max_rect()))
Clipping is a mitigation, not a fit	Content that does not fit is now lost quietly instead of loudly. side_zone stacks by heights fixed BEFORE anything is drawn, so they cannot be measured from content without running each body twice — and running a body twice double-fires its writes	side_zone doc comment	The honest fix is a non-interactive measure pass, which means bodies stop writing on a dry run
The Operator island is 140pt, measured	104 and 128 both clipped the Sign out button on a render. The previous 112 carried a status line that has since come off, so the slack read as an empty band	rendered at 104, 128, 140 and looked at each	Identity row + email + button
MODAL_BACKDROP_ALPHA 150 -> 104	At 150 the map was essentially gone and the zone islands behind read as ghosts, which contradicts the premise that the map is the background and the interface floats above it. 104 keeps the grid, the symbols and the island outlines legible	rendered at 150 and at 104 in the harness	Judged on a near-black synthetic background; the real tile map is BRIGHT and the exact value there is still unverified
The harness gains a BRIGHT map-like ground	The harness window is transparent, so every capture showed the near-black desktop wallpaper. Judging a BLACK overlay against a BLACK background tells you nothing, and the real tile map is bright — so the backdrop dim had been judged against the wrong thing entirely	p5-epaint --island --modal --bright; pixel samples of land under the dim	150 -> land srgb(100,101,96), map stops reading as a map; 104 -> srgb(143,143,136), land/sea/grid/coastline/labels all survive
The bright ground painted inside the wrong branch	The first version went in after the modal's early `return`, so it never ran and the render showed exactly the previous background. A render identical to the last one is the tell, not a failure to run	p5-epaint fn ui	Renders that look unchanged after adding a background are the symptom
Island overflow is PUBLISHED, not just clipped	Clipping fixed the corruption but turned "corrupts the island below" into "a button quietly vanishes", which reads as a bug in the form. The loud half is a stderr line a developer can act on	chrome::island_overflowed; ShipApp::side_zone eprintln	Verified live: silent at 140pt, exactly one report at 90pt
The overflow threshold is one TEXT LINE, not a hair	At 0.5pt every island reported, because a layout's min_rect runs ~4pt past the last control for trailing spacing — the Operator island measures 98.4 against 94 and renders with slack. A signal that fires on everything is worse than none, because the first person to see it learns to ignore it	chrome::OVERFLOW_SLACK, measured	The real 112pt overflow ran ~52pt over, so 12pt separates the cases cleanly
A false positive is worth chasing rather than shipping	The 0.5pt threshold briefly looked like a SECOND bug in the "New session" island at 168pt. It was padding noise — the same 4pt as everywhere else. Fixing the threshold removed the phantom	docs/ui-overhaul-status.md	Sized both islands against their real content before believing either
The column MEASURES its island heights instead of being told them	The overflow detector was already reporting "content needs more"; using it was cheaper than a measure pass. Each island draws at whatever height it is given, publishes what it wanted, and the NEXT frame stacks with that	the Operator island shipped at 112pt against content needing 140, found by render	chrome::island_fitted_height read from the context's temp storage; verified live: 70pt reports once then self-corrects
One frame of lag beats running every body twice	The zone stacks by heights fixed before anything is drawn, so measuring IN ADVANCE means running every body twice per frame — and every write a body performs fires twice. A frame of lag cannot fire a write twice	side_zone	Declared constant stays as the first frame's height and as the floor
The measurement rides the context's TEMP storage, not a HashMap	Temp storage is already scoped to one frame. A parallel field on the app would be a second source of truth that can disagree with it, and the Context is where the island already writes	side_zone	The first draft kept a zone_heights HashMap; it was unused and removed
The height clamp REFUSES a nonsense measurement	A layout can report zero (empty content) or NaN, and NaN through clamp silently poisons a rect, which drops every island under it — so a bad measurement must be worse than no measurement	main tests::a_nonsense_measurement_is_refused, 5 tests of the clamp	fitted_island_height(declared, want, ceiling), pure
A uinput pointer is written by hand rather than installed	ydotool and dotool both need root; /dev/uinput carries an ACL for this user, so the device can be made directly — which is all either of them does anyway	scripts/ui-shoot/uimouse.py	A working pointer after four bare-EINVAL fixes, all recorded in its README
The Minos stack runs with no root and no docker	Postgres and Valkey are not installed and docker.sock is not accessible, so the Arch packages are fetched and extracted into a local prefix; Postgres then needs LD_LIBRARY_PATH for libnuma	scripts/ui-shoot/stack.sh, README	Migrated to schema_version 68, API live on :8099, real session created
The scenario book needs a GAME MASTER SEAT, not an app role	/games/scenarios update is granted to the game role, and the middleware's administrative path needs /system/game-content read, which a stock Administrator does not hold. So authoring scenarios means being in the exercise	scripts/ui-shoot/seat.py, against Minos internal/routers/game.go	Seating the account as Game Master made POST /scenarios succeed
Casbin's policy set is loaded ONCE, at startup	An instance running before the superuser is seeded keeps denying that account, and `pkill -f cmd/minos` does not kill the child binary `go run` built — so the old instance survives and keeps the port. This presents as "the permission is wrong" when it is staleness	scripts/ui-shoot/README	Killing the real binary and restarting was the fix
ONE pointer device must live for a whole interaction	Each uim.py call creates and destroys its own device, and focus did not survive the sequence: the second round of clicks and keystrokes went to a different window and typed a password into a chat window. This is why the modal screenshots are still not done	scripts/ui-shoot/README	Keep one device alive; Mouse is importable for exactly that reason
The console could not author a planned window, so no exercise it started could ever reach execution	WindowSet is actual_end AND assumed_end non-null, nothing defaults either, and the client had NO write path for any of the four window fields. The button still ENABLED, because the window was not among the checklist blockers, so the operator clicked and got a 409 naming a field the console had no control for	verified from Minos ReadinessCounts + CanExecute; GameUpdate was six Option<String>	TimeWindow on GameUpdate + create/edit forms; the checklist gained the window condition
The gate is ONE function and the checklist formats it	Three client re-deriations of one server rule have now drifted, and pace was the fourth. The client's copy has only ever agreed with the server on the two counts the server hands it	main::execution_gate_blockers, plan_gate_blockers, NOT_READY	A free six-parameter function over a small input struct, mirroring Minos's own CanExecute test table
An unrecognised pace REQUIRES the readiness declaration	GamePace::parse returns None for anything this build has not heard of, and None requires the declaration. Guessing the other way starts an exercise while half the players are still reading the brief, and the asymmetry is deliberate	main tests::an_unknown_pace_fails_closed_onto_the_ceremony	GameDetail.pace is Option<GamePace>, fail closed
The exercise clock uses ONE fixed base date for both ends	validateTimeBase compares each clock only with ITSELF, so the assumed date is free — but if the two ends got different bases, assumed_end > assumed_start would silently break. A window crossing midnight is still refused, and the operator is told rather than the client accepting what the server will reject	master::ASSUMED_CLOCK_BASE_DATE, reused hhmm_ok	Same constraint the scenario windows already had; no overnight support added
Edit form only, deliberately	The edit form is planning-only, already exists for exactly this job, and its blank-means-unchanged contract fits optional fields. A second authoring surface on the create form is scope this defect does not need	edit_game_ui, comment left where a reader would wonder	Minimal change that closes the defect
The gate is PUBLISHED by the server and the client no longer re-derives it	Three client re-derivations of this one server rule had drifted; the last one disabled the console's own Enter execution button on a game the server would have accepted. GET /games/{id}/readiness answers can_execute plus the same blocker list a refusal names, split into sentences	aaee9bf on minos/wip; tfg consumes it	execution_gate_blockers, plan_gate_blockers, NOT_READY, held_window, held_pace and TimeWindow::is_complete deleted; setup_checklist is a formatter
The readiness projection is a GET on the path the WRITES already use	The resource is already named by the PUT and DELETE siblings, so a third path is a second place to document the same concept and a second contract delta for the same reader	minos internal/routers/game.go	One path, three operations
The projection widens NOTHING	The window is on the detail, the pieces on units, the fighter/ready counts on the roster, the unplaced count on placements. Every value was already readable; only the verdict was missing	minos readiness route	Authorised by the roster's own gate
The blocker list is the SAME list the refusal names, as sentences	A client that reworded them is one more copy of the rule. One list, two consumers, and a screen reader reads a joined sentence as one item	minos planBlockers / readinessBlockers / readinessRefusal	readinessRefusal keeps "cannot start" for the plan and a plain statement for readiness — an existing test caught me flattening that
roster_gap no longer affects the gate	The client used to fall back to "did you declare" when it could not read the roster, telling a caller the gate was clear when the server disagreed. The server counts regardless of what the caller may read	tfg setup_checklist	A known-inverted fallback, now gone rather than patched
An unknown gate REFUSES and never reads as clear	Empty means "nothing is outstanding" and that is the one answer that must never be invented. This branch runs before the first bundle and after a failed read	tfg tests::an_unknown_gate_refuses_rather_than_reads_as_clear	unknown_gate_blockers, and it deliberately does NOT re-derive from local state
TimeWindow::is_complete is deleted	The client should not carry a local opinion about what a complete window is, because that is the second opinion that drifts. The server answers it	tfg src/backend/master.rs	a test that asserted completeness became one that asserts emptiness
The console is verified on Xvfb, not on the real screen	grim blocks on an idle window, a fresh window is on top for ~15s, hyprctl dispatch rejects every focus form, and a locked screen photographs as a password prompt while Hyprland still reports every window visible. A private X server has none of those failure modes	scripts/ui-shoot/xvfb-up.sh	xorg-server-xvfb and libglvnd unpacked from URL into a local prefix, no root; import -window root needs no compositor
XTEST replaces uinput on the private display	uinput needs a compositor to route it; Xvfb has none, so the uinput path cannot reach an app on the private display at all	scripts/ui-shoot/xdrv.c	place, click, drag, type, key, focus. Two bugs recorded in the commit: XTestFakeKeyEvent takes keycodes not masks, and XGetClassHint leaves an XClassHint untouched when there is no WM_CLASS
The Planning islands do not add up at the default window size	380+150+320+320 = 1170pt declared into 624pt available, and the declared height is a floor, so the shortfall cannot be absorbed. Control and Fleet never get room and do not render	tfg src/main.rs side_zone, viewport 1040x640	Found by driving, not by a test. Every rect is correct, so geometry tests pass; the loud clip only reports Essentials because only Essentials overflowed a box it was given
A missing readiness route must fail the gate closed	The client is ahead of the deployed server, so the gate is unreadable in this environment. Reporting zero blockers would light Enter on a game the server would refuse	tfg unknown_gate_blockers	Verified on screen: the checklist said "could not be read — retry the sync", which is the branch built for exactly this
The side zone SCROLLS rather than shrinking its islands	Planning stacks 1170pt of declared heights into 624pt at the app's own default window, and the declared height is a floor so the shortfall cannot be absorbed. Shrinking re-introduces the clipping the loud clip exists to catch; a bigger default window leaves 1040x640 broken	tfg zone_band + island_on_band + zone_scroll	Chosen by the operator over the two alternatives. Verified by driving: Control and Fleet render at scroll 560 and were previously unreachable at any scroll
Scroll is a VIEW transform applied at draw time, not a position	The stored position has to keep meaning "where this island lives in the column", otherwise the drag clamp and the scroll offset silently undo each other in whichever order they run	tfg chrome::island_owned	scroll is a parameter; the band is what clipping, culling and the drag clamp all read
The drag clamp applies ONLY to a dragged island	A computed column position below the window is correct, not runaway. Clamping it pulled Fleet from 1026 to 320 and the scroll then carried it off the top, which reads as an island that cannot be scrolled to	tfg chrome.rs	Found by scrolling to the maximum and getting an empty column
The scroll delta is SUBTRACTED	egui reports a POSITIVE Y for content moving DOWN, so scrolling down arrives negative. Adding drove the offset below zero where the clamp pinned it, and the symptom was a wheel that did nothing with scroll sitting at exactly 0	tfg side_zone	Instrumenting the raw delta settled it in one run: delta=-96.8
XTest typing maps printable ASCII by char code, not by keysym name	XStringToKeysym("-") returns NoSymbol because it wants a keysym NAME. Both hyphens were dropped from the password, the field showed sixteen dots, and the server said unauthorized	scripts/ui-shoot/xdrv.c	Found by typing a-b_c.dZ9 and reading back abcdZ9. Latin-1 keysyms ARE the char code, so the name lookup was never needed
Hack is appended to egui's PROPORTIONAL family as a symbol fallback	egui's default Proportional list is [Ubuntu-Light, NotoEmoji, emoji-icon] with Hack omitted, and Ubuntu-Light covers none of U+2192 U+2190 U+25B8 U+25CF U+221A while Hack covers all of them. epaint's own Monospace family already lists Hack second with the comment "fallback for √ etc" — the same fix applied to the wrong family. So all 44 arrow labels were .notdef boxes	tfg add_symbol_fallbacks	Appends a NAME: the bytes are already in font_data under "Hack", so no vendored font and no new dependency, and Latin still comes from Ubuntu-Light because it stays first
The seven tick characters are gone, five of them outright	U+2713 U+2714 and U+2611 are in NO bundled font, so no fallback can rescue them. Five sat on text that already said the fact ("ready", "assigned", "placed"), so the glyph was pure decoration. The two that carried state became ●, which Hack covers	Measured against both cmaps rather than by eye	Verified by render at 6x: Enter preparation now shows an arrowhead, not a box
A 404 on the readiness route is NOT a degraded read, and gets different words	The deployed dev API answers 404 for /games/{id}/readiness while every route beside it answers, so the client is ahead of its server. "retry the sync" sends the operator into a loop that cannot succeed, because no amount of retrying conjures a route the server does not have	tfg ReadinessGap::{of,NotRead,Unread,Absent}	BackendError::Api carries the status, so this is classified rather than guessed. Verified against the deployed API with curl. Only Unread keeps the word "retry"
A click goes to the TOPMOST clickable widget, and hover does not	egui attributes a click to exactly one widget: the last-registered clickable widget whose interact rect contains the press. Hover is not exclusive, so a button buried under later-registered widgets still lights up while every click lands on whatever was registered after it. The close button was registered before each island's and modal's body scope, so the body's own widgets buried it	Instrumented print of hovered and clicked: hover=true click=false on every island and in every modal, then click=true after moving the interact after the body scope. A 24x24 click sweep across the title row changed nothing. The probe pixel on the modal body flips only after the reorder	chrome.rs registers the close interact after the body scope in both island() and modal(). Verified by driving: the Fleet picker and the Player picker both close on the glyph
A zone island's close glyph cannot close it, by construction	side_zone builds its entries with a literal true for open, and the draw loop sets let mut open = true per frame and discards island_owned's return. The click lands, sets a local, and is thrown away. DESIGN.md gives the side zone no close button and says its contents are a function of GameState, so the honest fix is to stop drawing the affordance rather than invent a reopen path	Hover lights the glyph, so the hit test is fine, and the island is still there after the click. The code path is the per-island loop in side_zone	NOT FIXED. Needs the owner's decision between honouring the close with a way to reopen, and dropping the glyph from zone islands
The roster is WRAPPED on the wire, and the wrapper was the whole bug	GET /games/{id}/participants answers data: {participants: [...]}, so after the envelope is unwrapped the value is an object. parse_roster called as_array() on it, which is None, so a seated game rendered as an empty roster with no error anywhere. The status doc already records two parsers dropping whole fields, and this is the same shape	seat.py printed the seat and the API still returns it, while the island said 0 SEATED and the roster column said nobody was seated. curl of the same route shows one participant	parse_roster reads both shapes. Two tests: the wrapped envelope and the bare array, plus an envelope that is neither (empty, not wrong). Verified: 1 SEATED, you: Game Master, 1 exercise-side seat
Signing out left no way to sign back in	sign_out clears every trace of the session but never raises show_login, and the floating Login island is suppressed whenever the zone owns the left edge. So the console sat at NOT SIGNED IN with a Sign out button and no sign-in control, and the only route back was relaunching	Drove it: sign out from the Operator island and the render shows NOT SIGNED IN, no fields, and a Sign out button that does nothing	The form is extracted into sign_in_form() and rendered by the zone's Operator island when there is no identity. Verified: sign out, sign in from the island, console restored
The session picker only existed once a session was held	It is drawn by the Essentials island, which renders only in Planning, i.e. only while a session is HELD. On a cold start the no-session island offered one verb, create, under a top band that says Choose or join a session. Re-opening yesterday's exercise was impossible and a duplicate was the only alternative	Fresh launch, signed in, no session: the zone shows New session, No session held, a name field and Create session, and nothing else, while three games existed on the server	session_picker_row() is shared by both, drawn by zone_start_body behind one predicate that also sets the island's declared height, because a declared height is a floor the measured height cannot exceed. Verified: picked SHOOT-01 from the combo on a cold start
A sign-in that does not fetch the session list starts blind	sign_out clears users_games as part of the session boundary. Nothing re-read it on the way back in, so after sign-out and sign-in the console had no sessions to offer and the picker row was gone, because its predicate asks whether the list has loaded	Sign out, sign in with the same account, and the New session island has no picker row while GET /games had not been issued	apply_login re-reads the session list. Verified: the row is there on the second sign-in
A modal must fetch what it exists to show, on the way in	open_composer calls load_scenarios; the Player picker set player_picker_open and nothing else, so it always opened on an empty directory. The Minos request log is the proof: pressing the button issued no GET /users at all, and the read only happened when the operator found the find button	Minos request log across an open: zero /users reads, then exactly one 60s later when find was pressed	The button calls users_refresh_directory(). Verified: the read fires on open and the accounts are there on arrival
An empty state must not invent a cause	No accounts, sign in then refresh was hardcoded for an empty directory and rendered on a signed-in operator whose own account WAS in the directory. users_status already carries the reason, so the sentence blamed the one thing that was not wrong. Same class as a button promising a route the server does not publish	Screenshot on a signed-in operator: the empty directory saying to sign in. Pressing find then listed Super User, Super User, System	The empty state shows users_status, or says the directory has not been read yet. No fixed cause
The map does not corrupt on resize; the CAPTURE included the desktop	The window is hardcoded to 1040x640 at launch, so a capture of a 1600x1100 or 1200x900 root region photographs hundreds of points of black desktop beside the app and reads as a corrupt map. Mid-frame grabs add tile artefacts on top	Resized the running window to 1200x900 and the map filled it with no artefact. Relaunched into a 1200x900 X window: the app is 1040x640 and the map is correct inside it, with black outside the window, which is the root, not the app	Item 4 of the previous pass is CLOSED and was never an app defect. It cost a full bug hunt
The prose truncation does not reproduce on a settled capture	The handoff reported a label losing the last two characters of its first line at the wrap boundary. At 2x on a settled frame the label reads joining needs a seat first, a valid key without one / is refused (ask the Game Master), with the is at the start of line two and nothing clipped. The earlier evidence is consistent with a mid-frame grab, which this session also produced once	2x crop of the label in the Essentials island, grid-referenced, after a 30s settle	NOT REPRODUCED. Not patched, because there is nothing to patch and the mechanism was never established
An island body cannot be scrolled, so clipped content is unreachable	The zone's island bodies have no ScrollArea: the legacy islands wrap themselves in one and the zone's do not. island() clips the body to the island's content rect, so an island whose content exceeds its box loses the overflow with no way to see it, and the loud clip report goes to stderr where no operator is. The wheel over the island scrolls the COLUMN instead, because the zone's scroll is a manual handler that reads the raw delta	Wheel over the Essentials island at 1040x640: zone scroll goes 0 to 560 and the island's content does not move, so the Scenario composer button below that island's fold cannot be reached. At 1200x900 the island measures taller, the button appears, and the composer opens	NOT FIXED. It is the root cause of the largest unverified surface, and the fix is not small: giving each zone island a ScrollArea means the column scroll and the body scroll must stop fighting over one wheel
A click delivered as press+release in one batch is dropped	xdrv sent the two XTEST button events back to back. Three runs in a row the click on the island's name field did nothing, while a click with a 70ms hold works every time. It reads as a dead control, and the app was not busy	Same coordinates, same app session: a zero-length click has no effect, a 70ms hold selects the field and the text lands	xdrv click() holds for 70ms with settles around it
Screenshots are displayed at an unknown scale, so eye-read coordinates are wrong	Every coordinate estimated from a rendered screenshot was off by 10 to 30pt, and three rounds were spent clicking the wrong thing: a modal close, a session combo, a login field. The on-screen scale of a cropped image is not knowable from the image	A click sweep over the modal title row, 24x24 points and 200-odd clicks, changed nothing, while the app's own instrumented print reported hover=true for that rect. shot.sh burns a coordinate grid into the capture	shot.sh draws a labelled grid in window coordinates; click-sweep.sh and hover-sweep.sh use a probe pixel as an oracle instead of reading a picture
The app drops input for the first seconds after launch	Software rendering plus map tile decoding means the first frames are slow and input sent into that window is lost. Every symptom reads as a dead control. 14s was not enough and 30s was	Sign-in at 14s answered identifier is empty three runs running. The same sequence at 30s takes the text on the first try	Written into env-up.sh's closing instructions as a 30s wait
The environment bring-up is now one command	The handoff's prose assumed /tmp/opencode/stack and minos.env already existed, true only inside one session, so a cold start could not reach the login card. Two traps cost real time: migrator parses flags BEFORE the subcommand, so migrator up --env F silently connects to postgres/janus on 5432, and Minos validates REDIS_PASSWORD as required so valkey needs a requirepass	Ran scripts/ui-shoot/env-up.sh twice from an empty /tmp: the first unpacks, initialises, migrates, seeds, starts and displays; the second is a no-op that reports already listening	scripts/ui-shoot/env-up.sh, idempotent, ends by printing the launch line and the credentials
The superuser is called supersuser	It looks like a typo for superuser and is not: seedgame.py, seat.py and the handoff all log in with it, so the name is the repo's contract rather than a local choice. Seeding it under the corrected spelling makes every committed helper fail at login	seedgame.py exited at login until SUPERUSER_USERNAME was set to supersuser; the same script then created a game and seated the account	Kept, and minos.env inside env-up.sh carries it. Rename everywhere at once if it is ever cleaned up
Island bodies scroll instead of clipping	Clipped content is unreachable content, and the wheel over an island scrolled the COLUMN, which moves whole islands — so nothing past an island's fold could be reached by any gesture. DESIGN.md already specified the fix: "An island does not resize to fit its content. The body scrolls."	rendered at 1040x640 in Planning: Essentials measured ~760pt of content against a 380pt island and the composer button was neither on screen nor reachable; at 1200x900 the fold moves down and it appears, which is why the previous pass filed it as a layout curiosity	chrome::island_owned wraps the body in a ScrollArea, auto_shrink([false,false]) so the footprint stays fixed, id_salt per island so two bodies keep independent offsets
The zone no longer grows islands to fit their content	The growth was the workaround for bodies that could not scroll, and once they scroll it is the other half of the defect: Essentials grew to the 624pt ceiling against a 640pt window, and an island taller than the screen cannot be scrolled to either. The ceiling that seemed to make it safe is what made it unfixable.	the fitted height published under the same temp key as BodyFit, so egui's TypeId-tagged RawKey made the f32 read miss what the BodyFit write stored — growth went inert the frame the scroll landed, which is why it is deleted rather than left as a mechanism that reads as load-bearing	fitted_island_height and its five tests deleted; the declared constant is the height, and the stack is arithmetic on constants computed before anything is drawn
The wheel is CHAINED between body and column, not exclusive	Exclusive is simpler to write and wrong: the column is the only way to reach the islands below the fold, so a body that cannot scroll must hand the gesture back rather than swallow it. Without the chain one gesture moves two things at once, which reads as a control that jumped.	verify-scroll.sh over every frame the app printed: the column offset moved only when no body under the POINTER had room, 0 violations across ~120 frames per case. Scoped to the pointer because "some island had room" is true on every frame — a checker phrased that way reported 15 violations per gesture against a chain working as designed	chrome::BodyFit { content_h, viewport_h, offset } published per island per frame; side_zone consults the island under the pointer and takes the wheel only when no body can
A body may run 12pt past its viewport without claiming the wheel	A layout measures a few points past its last control for trailing spacing: the Operator island reports 98.4 against 94 available, 4pt of nothing. With a zero tolerance that is scrollable, so the body claims the gesture, moves four points the operator cannot see, and the column does not move — a gesture that appears to do nothing, which is the exact failure the chain exists to prevent.	measured on the running app; the same tolerance and the same measurement as the OVERFLOW_SLACK it replaced, pinned by a test on both sides (below 4pt it claims gestures for nothing, above a text line it hides real content)	chrome::BODY_SCROLL_SLACK, with BODY_SCROLL_EPSILON under it for float residue in the offset
island_scrolled, island_fitted_height and OVERFLOW_SLACK are deleted	Each was a second place to say "the body scrolls" or "the height adapts", and each was reachable by mistake — six call sites wrapping a ScrollArea the primitive already provides, and a measurement round-trip through temp storage that a TypeId change can silently break.	the island_scrolled call sites now call island, which scrolls unconditionally; the fitted-height round trip was already inert and reading as load-bearing, which is worse than absent	removed, along with ISLAND_SCROLL_MAX in tokens and main.rs. The net change removes more than it adds
The composer modal now clears composer_visible on close	composer_modal handled its close by clearing the selected scenario and the draft, and never set the flag the draw loop tests, so the modal stayed on screen with an empty book and no way out. The flag is written in open_composer and by apply_login; this was the only other place that had to write it, and nothing about reading composer_modal suggests it.	found by driving: the harness clicks the composer's ✕ and asks whether a modal is up. Confirmed on the render before the fix — the click landed, the scenario deselected, the modal stayed	composer_modal sets composer_visible = false alongside the other three fields
The harness locates controls from the render, never from a remembered coordinate	The first version hard-coded (101,520) for the composer's button. The app was in a different state by then, that coordinate was "declare ready", and the harness POSTed the session from planning into preparation while measuring it. Every later assertion was then a true statement about the wrong screen.	three distinct wrong answers from the same cause: widest-over-window is the toolbar's Sign out, widest-in-zone is the 271pt session combo against the composer's 154, and lowest-in-island is only right once the body is scrolled to its end. The app logs each island's pos, size and body measurement, which is what the crops are derived from	scripts/ui-shoot/find-buttons.py reads a button's fill out of the frame; verify-scroll.sh reads island geometry from TFG_ZONE_DEBUG; every click target is derived at the moment of use
The scroll invariant is asserted per frame, over the numbers the app printed	Counting wheel notches measures where the body's range happened to end, not whether the handover was respected. The body absorbs about five notches and hands the rest to the column by design, so a fixed count cannot express the property.	the app prints the column offset and each island's body measurement within one frame; walking them as a state machine answers "did the offset move while a body under the pointer had room" exactly, with no timing in the check	scripts/ui-shoot/check-chain.py, reporting violations/frames so a check that passed over zero frames is visibly different from one that passed over four hundred
The harness never inherits DISPLAY, and puts the session back into planning	An earlier drive script read ${DISPLAY:-:99}, which inside an agent shell is the operator's real desktop — the app opened a window on the screen they were using. Separately, the zone's contents are a function of the session state, so a run that inherits Readiness photographs a different console and every assertion still names Essentials.	both observed this pass: the window on DISPLAY=:0 with no egui window findable on :99, and a run whose assertions reported Readiness differences as Essentials defects	drive-to-session.sh names the display from X11_DISPLAY_NUM, resets the session state through the database (the state machine refuses planning->planning, so there is no API call that undoes it), and restarts the app because it caches the state at login
Minos is started unconditionally by env-up.sh	It was guarded by "something is already listening", which is the warm case. The first run against an empty /tmp/opencode never started it, and every step after it failed on a refused connection that reads as a broken stack.	observed on a cold start this pass; the log ended at "minos /games -> 000" with no process and no error, because nothing had tried to start one	pkill -x minos then start, which is also what makes a just-seeded superuser usable given Casbin loads its policy set at startup
